Date,Station_Name,AGO_Sales (L),PMS_Sales (L),Lubricant_Sales (L),Diesel_Sales (L),LPG_Sales (kg),Total_Revenue (₦),AGO_Price,PMS_Price,Lubricant_Price,Diesel_Price,LPG_Price,Product_Category,Shift,Supervisor,Weekday
2025-01-01,Idimu,9751,14423,991,14362,1407,31642990,750,650,2000,820,850,Lubricant,Morning,Mr. John,Wednesday
2025-01-02,Iwaya,5866,12731,1427,11577,2207,26897740,750,650,2000,820,850,Automotive Fuel,Night,Mrs. Chika,Thursday
2025-01-03,Maryland,10568,21058,884,14609,2112,37156280,750,650,2000,820,850,Lubricant,Morning,Mr. John,Friday
2025-01-04,Idimu,11098,11588,679,9188,2465,26843110,750,650,2000,820,850,Automotive Fuel,Afternoon,Ms. Ada,Saturday
2025-01-05,Iwaya,10284,10074,662,16289,1824,30492480,750,650,2000,820,850,Cooking Gas,Afternoon,Mr. Tunde,Sunday
2025-01-06,Maryland,5053,22397,1239,9611,2371,30722170,750,650,2000,820,850,Automotive Fuel,Afternoon,Ms. Ada,Monday
2025-01-07,Idimu,10466,21070,783,13532,1076,35121840,750,650,2000,820,850,Automotive Fuel,Afternoon,Mr. Tunde,Tuesday
2025-01-08,Iwaya,11083,28694,1021,9731,1012,37844970,750,650,2000,820,850,Lubricant,Night,Mrs. Chika,Wednesday
2025-01-09,Maryland,13032,28180,576,19121,2028,46646020,750,650,2000,820,850,Lubricant,Afternoon,Mrs. Chika,Thursday
2025-01-10,Idimu,6745,18554,929,16028,1613,33490860,750,650,2000,820,850,Automotive Fuel,Afternoon,Mrs. Chika,Friday
2025-01-11,Iwaya,11097,14433,1196,16604,1383,34887030,750,650,2000,820,850,Automotive Fuel,Morning,Mr. Tunde,Saturday
2025-01-12,Maryland,8605,10455,860,15783,2375,29930310,750,650,2000,820,850,Automotive Fuel,Night,Mr. Tunde,Sunday
2025-01-13,Idimu,11547,26686,750,18632,2778,45145690,750,650,2000,820,850,Automotive Fuel,Morning,Mrs. Chika,Monday
2025-01-14,Iwaya,10036,21319,1371,14533,2257,37961860,750,650,2000,820,850,Lubricant,Afternoon,Ms. Ada,Tuesday
2025-01-15,Maryland,8784,10359,731,16503,1190,29327310,750,650,2000,820,850,Lubricant,Afternoon,Ms. Ada,Wednesday
2025-01-16,Idimu,14159,15130,942,16228,2510,37778210,750,650,2000,820,850,Lubricant,Night,Mrs. Chika,Thursday
2025-01-17,Iwaya,7406,23755,1474,12832,2654,36721390,750,650,2000,820,850,Lubricant,Night,Ms. Ada,Friday
2025-01-18,Maryland,9611,15622,1173,17301,2276,35829970,750,650,2000,820,850,Automotive Fuel,Night,Mr. Tunde,Saturday
2025-01-19,Idimu,7963,26226,824,10145,1695,34426800,750,650,2000,820,850,Cooking Gas,Afternoon,Mr. John,Sunday
2025-01-20,Iwaya,11477,27949,1189,18291,2649,46402870,750,650,2000,820,850,Lubricant,Afternoon,Mrs. Chika,Monday
2025-01-21,Maryland,8414,19987,884,18874,2544,38709130,750,650,2000,820,850,Lubricant,Night,Mr. Tunde,Tuesday
2025-01-22,Idimu,9078,27765,1010,15795,1498,41100950,750,650,2000,820,850,Cooking Gas,Afternoon,Mr. John,Wednesday
2025-01-23,Iwaya,11975,14930,1088,11528,2646,32563810,750,650,2000,820,850,Cooking Gas,Morning,Mr. John,Thursday
2025-01-24,Maryland,12569,26735,1470,9947,2382,39925740,750,650,2000,820,850,Automotive Fuel,Afternoon,Ms. Ada,Friday
2025-01-25,Idimu,7928,24033,902,18321,2446,40473770,750,650,2000,820,850,Cooking Gas,Afternoon,Mr. Tunde,Saturday
2025-01-26,Iwaya,11356,16292,1016,13767,2005,34131990,750,650,2000,820,850,Cooking Gas,Night,Mr. Tunde,Sunday
2025-01-27,Maryland,5833,11164,634,12485,2684,25418450,750,650,2000,820,850,Automotive Fuel,Morning,Ms. Ada,Monday
2025-01-28,Idimu,14687,27279,1457,9262,2619,41481590,750,650,2000,820,850,Lubricant,Night,Mrs. Chika,Tuesday
2025-01-29,Iwaya,13659,19171,624,10862,2516,34998840,750,650,2000,820,850,Cooking Gas,Morning,Mr. Tunde,Wednesday
2025-01-30,Maryland,8302,29648,1151,15057,2160,41982440,750,650,2000,820,850,Automotive Fuel,Night,Mr. John,Thursday
2025-01-31,Idimu,9530,11753,1154,8480,2528,26197350,750,650,2000,820,850,Cooking Gas,Morning,Mrs. Chika,Friday
2025-02-01,Iwaya,5749,10040,917,14520,1057,25476600,750,650,2000,820,850,Automotive Fuel,Morning,Mr. John,Saturday
2025-02-02,Maryland,8546,17273,831,19407,2197,37080140,750,650,2000,820,850,Lubricant,Morning,Mrs. Chika,Sunday
2025-02-03,Idimu,5144,27155,1255,9970,2390,34225650,750,650,2000,820,850,Lubricant,Night,Ms. Ada,Monday
2025-02-04,Iwaya,7195,24803,546,8984,2456,32064680,750,650,2000,820,850,Lubricant,Afternoon,Mr. Tunde,Tuesday
2025-02-05,Maryland,11324,11317,1185,14884,2349,32420580,750,650,2000,820,850,Cooking Gas,Night,Mrs. Chika,Wednesday
2025-02-06,Idimu,7197,20784,616,15956,2852,35647470,750,650,2000,820,850,Lubricant,Morning,Mrs. Chika,Thursday
2025-02-07,Iwaya,9501,27829,895,15908,1943,41700710,750,650,2000,820,850,Cooking Gas,Morning,Mr. Tunde,Friday
2025-02-08,Maryland,9538,24472,1393,13875,2440,39297800,750,650,2000,820,850,Lubricant,Night,Mr. Tunde,Saturday
2025-02-09,Idimu,9707,16336,1495,18014,1426,36872230,750,650,2000,820,850,Cooking Gas,Night,Mr. John,Sunday
2025-02-10,Iwaya,5464,16955,571,8124,1384,24098830,750,650,2000,820,850,Automotive Fuel,Afternoon,Mr. Tunde,Monday
2025-02-11,Maryland,8641,14839,535,9715,1335,26297150,750,650,2000,820,850,Automotive Fuel,Morning,Mr. John,Tuesday
2025-02-12,Idimu,7200,13873,1330,10593,2507,27894660,750,650,2000,820,850,Cooking Gas,Afternoon,Mr. John,Wednesday
2025-02-13,Iwaya,9312,18427,1278,16064,2773,37047080,750,650,2000,820,850,Cooking Gas,Afternoon,Mr. Tunde,Thursday
2025-02-14,Maryland,13021,25012,1422,15913,2967,44438160,750,650,2000,820,850,Lubricant,Night,Ms. Ada,Friday
2025-02-15,Idimu,12685,20353,1445,10579,1260,35378980,750,650,2000,820,850,Cooking Gas,Night,Mr. Tunde,Saturday
2025-02-16,Iwaya,5446,17253,1420,19508,2373,36152560,750,650,2000,820,850,Automotive Fuel,Morning,Ms. Ada,Sunday
2025-02-17,Maryland,6861,20228,1280,14485,1132,33693850,750,650,2000,820,850,Lubricant,Morning,Mr. Tunde,Monday
2025-02-18,Idimu,12640,12872,691,11438,2319,30579110,750,650,2000,820,850,Cooking Gas,Afternoon,Mrs. Chika,Tuesday
2025-02-19,Iwaya,13840,11026,878,15142,1595,33075090,750,650,2000,820,850,Automotive Fuel,Afternoon,Ms. Ada,Wednesday
2025-02-20,Maryland,11147,15579,1345,10356,1547,30983470,750,650,2000,820,850,Lubricant,Afternoon,Mrs. Chika,Thursday
2025-02-21,Idimu,6468,12016,636,14336,1560,27014920,750,650,2000,820,850,Automotive Fuel,Morning,Ms. Ada,Friday
2025-02-22,Iwaya,6238,14412,1237,9499,2332,26291680,750,650,2000,820,850,Cooking Gas,Afternoon,Mr. Tunde,Saturday
2025-02-23,Maryland,10241,11685,1425,11169,2944,29786980,750,650,2000,820,850,Cooking Gas,Afternoon,Ms. Ada,Sunday
2025-02-24,Idimu,10157,26145,883,8103,1205,34046710,750,650,2000,820,850,Cooking Gas,Morning,Mr. Tunde,Monday
2025-02-25,Iwaya,14276,22662,840,8680,2361,36241750,750,650,2000,820,850,Automotive Fuel,Morning,Mrs. Chika,Tuesday
2025-02-26,Maryland,9745,15484,1308,19265,2384,37813050,750,650,2000,820,850,Cooking Gas,Morning,Mrs. Chika,Wednesday
2025-02-27,Idimu,6992,13781,1021,15192,2195,30566840,750,650,2000,820,850,Cooking Gas,Afternoon,Mr. Tunde,Thursday
2025-02-28,Iwaya,12928,15361,1257,10803,1091,31980460,750,650,2000,820,850,Lubricant,Night,Mr. John,Friday
2025-03-01,Maryland,7875,24183,825,9025,1563,32004250,750,650,2000,820,850,Lubricant,Morning,Mr. John,Saturday
2025-03-02,Idimu,7026,26288,989,17048,2906,40784160,750,650,2000,820,850,Cooking Gas,Morning,Mr. John,Sunday
2025-03-03,Iwaya,5363,22876,1028,15330,1889,35123900,750,650,2000,820,850,Lubricant,Night,Mr. John,Monday
2025-03-04,Maryland,12223,23134,946,16595,2267,41631200,750,650,2000,820,850,Lubricant,Night,Ms. Ada,Tuesday
2025-03-05,Idimu,5586,27406,595,8004,2802,32138380,750,650,2000,820,850,Lubricant,Afternoon,Mr. Tunde,Wednesday
2025-03-06,Iwaya,6444,23553,552,8482,1123,29156240,750,650,2000,820,850,Lubricant,Night,Ms. Ada,Thursday
2025-03-07,Maryland,13456,15477,651,11840,1768,32665650,750,650,2000,820,850,Cooking Gas,Night,Ms. Ada,Friday
2025-03-08,Idimu,12007,23294,698,18663,1191,41858360,750,650,2000,820,850,Automotive Fuel,Night,Mr. Tunde,Saturday
2025-03-09,Iwaya,7596,27478,589,19120,1417,41618550,750,650,2000,820,850,Automotive Fuel,Morning,Mrs. Chika,Sunday
2025-03-10,Maryland,8609,22850,944,8407,2105,31880240,750,650,2000,820,850,Automotive Fuel,Afternoon,Mr. John,Monday
2025-03-11,Idimu,8072,14595,930,9234,2498,27095930,750,650,2000,820,850,Lubricant,Night,Mr. John,Tuesday
2025-03-12,Iwaya,12058,12480,1137,13919,2495,32963830,750,650,2000,820,850,Lubricant,Afternoon,Mr. John,Wednesday
2025-03-13,Maryland,8916,28336,751,15712,2779,41853390,750,650,2000,820,850,Automotive Fuel,Afternoon,Mr. Tunde,Thursday
2025-03-14,Idimu,10597,19093,722,15093,1586,35526560,750,650,2000,820,850,Lubricant,Afternoon,Mrs. Chika,Friday
2025-03-15,Iwaya,13225,17071,760,9285,1445,31376850,750,650,2000,820,850,Cooking Gas,Morning,Mrs. Chika,Saturday
2025-03-16,Maryland,11250,18475,523,17617,2963,38456740,750,650,2000,820,850,Lubricant,Afternoon,Mr. John,Sunday
2025-03-17,Idimu,13855,23897,582,13686,1785,39828070,750,650,2000,820,850,Cooking Gas,Morning,Mr. Tunde,Monday
2025-03-18,Iwaya,13376,28557,842,15362,2711,45179240,750,650,2000,820,850,Cooking Gas,Afternoon,Ms. Ada,Tuesday
2025-03-19,Maryland,10988,13443,519,13447,2966,31564590,750,650,2000,820,850,Cooking Gas,Morning,Mr. Tunde,Wednesday
2025-03-20,Idimu,9689,14666,1449,9141,1888,28798070,750,650,2000,820,850,Lubricant,Morning,Mr. Tunde,Thursday
2025-03-21,Iwaya,8012,20677,1385,19624,2754,40651630,750,650,2000,820,850,Cooking Gas,Morning,Mrs. Chika,Friday
2025-03-22,Maryland,9848,15310,1324,10046,1082,29142920,750,650,2000,820,850,Cooking Gas,Night,Ms. Ada,Saturday
2025-03-23,Idimu,6352,11946,770,19276,1319,30996370,750,650,2000,820,850,Automotive Fuel,Afternoon,Ms. Ada,Sunday
2025-03-24,Iwaya,9141,27775,1043,19904,2854,45742680,750,650,2000,820,850,Lubricant,Night,Ms. Ada,Monday
2025-03-25,Maryland,14497,18454,694,19406,1320,41290770,750,650,2000,820,850,Automotive Fuel,Night,Ms. Ada,Tuesday
2025-03-26,Idimu,13954,25040,710,9173,2661,37945210,750,650,2000,820,850,Lubricant,Morning,Mr. John,Wednesday
2025-03-27,Iwaya,13870,29055,600,12208,1884,42100210,750,650,2000,820,850,Cooking Gas,Night,Mr. John,Thursday
2025-03-28,Maryland,10686,20427,659,8038,2597,31408660,750,650,2000,820,850,Lubricant,Morning,Ms. Ada,Friday
2025-03-29,Idimu,6783,22937,1461,16701,2183,38468670,750,650,2000,820,850,Cooking Gas,Afternoon,Mr. John,Saturday
2025-03-30,Iwaya,12073,15571,913,17507,2000,37057640,750,650,2000,820,850,Lubricant,Afternoon,Mr. John,Sunday
2025-03-31,Maryland,12413,27825,1173,11653,2488,41412260,750,650,2000,820,850,Cooking Gas,Night,Ms. Ada,Monday
2025-01-01,Idimu,11963,15312,1479,17937,2874,39034290,750,650,2000,820,850,Cooking Gas,Morning,Mr. John,Wednesday
2025-01-02,Iwaya,14330,13624,1012,19825,2683,40164150,750,650,2000,820,850,Cooking Gas,Afternoon,Mr. Tunde,Thursday
2025-01-03,Maryland,14799,24510,741,9810,2513,38693000,750,650,2000,820,850,Lubricant,Afternoon,Mr. Tunde,Friday
2025-01-04,Idimu,6935,12114,1109,8362,1593,23504240,750,650,2000,820,850,Automotive Fuel,Night,Ms. Ada,Saturday
2025-01-05,Iwaya,7553,18868,1165,18606,2749,37852520,750,650,2000,820,850,Lubricant,Afternoon,Mr. Tunde,Sunday
2025-01-06,Maryland,9342,20393,1267,16681,2278,38410670,750,650,2000,820,850,Cooking Gas,Morning,Mr. John,Monday
2025-01-07,Idimu,10309,16396,912,8888,2104,29289710,750,650,2000,820,850,Lubricant,Morning,Mr. Tunde,Tuesday
2025-01-08,Iwaya,10621,21401,1330,10711,1197,34336870,750,650,2000,820,850,Lubricant,Night,Ms. Ada,Wednesday
2025-01-09,Maryland,7018,25283,1261,8703,2383,33381460,750,650,2000,820,850,Lubricant,Afternoon,Mr. John,Thursday
2025-01-10,Idimu,11012,23298,1330,16892,2278,41850440,750,650,2000,820,850,Lubricant,Night,Mr. John,Friday
2025-01-11,Iwaya,13608,26542,1228,10665,2567,40841550,750,650,2000,820,850,Automotive Fuel,Afternoon,Mr. Tunde,Saturday
2025-01-12,Maryland,13099,11319,1287,16818,1787,35065310,750,650,2000,820,850,Cooking Gas,Night,Mr. John,Sunday
2025-01-13,Idimu,9896,21316,521,16234,1839,37194430,750,650,2000,820,850,Cooking Gas,Night,Mrs. Chika,Monday
2025-01-14,Iwaya,8241,26339,734,16303,1497,39410010,750,650,2000,820,850,Lubricant,Night,Mrs. Chika,Tuesday
2025-01-15,Maryland,10455,19595,1203,17842,1416,38818040,750,650,2000,820,850,Lubricant,Morning,Mrs. Chika,Wednesday
2025-01-16,Idimu,12836,17980,1423,16622,2678,40066340,750,650,2000,820,850,Automotive Fuel,Morning,Mr. John,Thursday
2025-01-17,Iwaya,8552,18631,924,16678,2174,35896010,750,650,2000,820,850,Cooking Gas,Morning,Mrs. Chika,Friday
2025-01-18,Maryland,6630,11099,1174,17985,2140,31101550,750,650,2000,820,850,Cooking Gas,Night,Mr. John,Saturday
2025-01-19,Idimu,12942,20314,817,13487,2275,37537690,750,650,2000,820,850,Cooking Gas,Morning,Mrs. Chika,Sunday
2025-01-20,Iwaya,14502,24333,1487,11816,1104,40294470,750,650,2000,820,850,Lubricant,Afternoon,Mrs. Chika,Monday
2025-01-21,Maryland,5799,24167,1456,19411,1261,39958670,750,650,2000,820,850,Automotive Fuel,Afternoon,Mr. John,Tuesday
2025-01-22,Idimu,12157,14364,637,13373,1373,31861260,750,650,2000,820,850,Lubricant,Afternoon,Ms. Ada,Wednesday
2025-01-23,Iwaya,14828,29890,754,8295,2468,40957200,750,650,2000,820,850,Lubricant,Morning,Ms. Ada,Thursday
2025-01-24,Maryland,11958,26842,574,10779,2778,38763880,750,650,2000,820,850,Cooking Gas,Night,Mrs. Chika,Friday
2025-01-25,Idimu,10119,14699,981,13335,1658,31449600,750,650,2000,820,850,Automotive Fuel,Morning,Mr. Tunde,Saturday
2025-01-26,Iwaya,10824,15257,1061,14004,2466,33736430,750,650,2000,820,850,Lubricant,Night,Mr. Tunde,Sunday
2025-01-27,Maryland,11055,11763,1298,12169,1276,29596380,750,650,2000,820,850,Lubricant,Night,Mr. Tunde,Monday
2025-01-28,Idimu,7563,17729,919,11787,2279,30636590,750,650,2000,820,850,Cooking Gas,Night,Mr. Tunde,Tuesday
2025-01-29,Iwaya,8287,13155,1038,11296,2977,28635170,750,650,2000,820,850,Lubricant,Morning,Mr. John,Wednesday
2025-01-30,Maryland,5678,10088,977,19187,2222,30391740,750,650,2000,820,850,Cooking Gas,Morning,Mrs. Chika,Thursday
2025-01-31,Idimu,7047,27617,668,10363,2994,35614860,750,650,2000,820,850,Automotive Fuel,Afternoon,Ms. Ada,Friday
2025-02-01,Iwaya,7545,23783,1233,14797,2020,37434240,750,650,2000,820,850,Lubricant,Night,Mr. Tunde,Saturday
2025-02-02,Maryland,14118,20402,1310,11652,1695,37465190,750,650,2000,820,850,Automotive Fuel,Morning,Ms. Ada,Sunday
2025-02-03,Idimu,8288,28622,585,13435,1243,38063550,750,650,2000,820,850,Cooking Gas,Afternoon,Mr. Tunde,Monday
2025-02-04,Iwaya,7397,25250,869,11468,1331,34233360,750,650,2000,820,850,Cooking Gas,Morning,Mrs. Chika,Tuesday
2025-02-05,Maryland,12105,19889,1417,8496,2762,34155020,750,650,2000,820,850,Lubricant,Night,Mr. Tunde,Wednesday
2025-02-06,Idimu,8843,26943,957,16315,1118,40387800,750,650,2000,820,850,Cooking Gas,Morning,Mr. John,Thursday
2025-02-07,Iwaya,11467,10924,1193,18177,2777,35352440,750,650,2000,820,850,Automotive Fuel,Afternoon,Mrs. Chika,Friday
2025-02-08,Maryland,11774,12632,505,10240,2203,28320650,750,650,2000,820,850,Automotive Fuel,Morning,Mrs. Chika,Saturday
2025-02-09,Idimu,13519,28399,1299,19837,2700,49757940,750,650,2000,820,850,Cooking Gas,Morning,Mrs. Chika,Sunday
2025-02-10,Iwaya,9453,28582,708,18544,1627,43673080,750,650,2000,820,850,Lubricant,Night,Mrs. Chika,Monday
2025-02-11,Maryland,12797,22412,1018,18254,2576,43359430,750,650,2000,820,850,Lubricant,Morning,Ms. Ada,Tuesday
2025-02-12,Idimu,11093,10660,1187,10523,1576,27591210,750,650,2000,820,850,Lubricant,Morning,Ms. Ada,Wednesday
2025-02-13,Iwaya,12490,11182,1095,18252,1309,34905090,750,650,2000,820,850,Automotive Fuel,Morning,Mr. John,Thursday
2025-02-14,Maryland,14491,12315,1355,9027,2744,31317540,750,650,2000,820,850,Automotive Fuel,Morning,Mrs. Chika,Friday
2025-02-15,Idimu,12875,18664,1248,9616,2735,34493720,750,650,2000,820,850,Cooking Gas,Morning,Ms. Ada,Saturday
2025-02-16,Iwaya,5635,11112,1140,12572,2576,26227690,750,650,2000,820,850,Automotive Fuel,Morning,Ms. Ada,Sunday
2025-02-17,Maryland,6386,16186,555,9145,2478,26025600,750,650,2000,820,850,Automotive Fuel,Night,Ms. Ada,Monday
2025-02-18,Idimu,11541,22575,1312,14760,1002,38908400,750,650,2000,820,850,Automotive Fuel,Afternoon,Mr. Tunde,Tuesday
2025-02-19,Iwaya,6054,24618,1415,15617,1001,37028990,750,650,2000,820,850,Cooking Gas,Afternoon,Mrs. Chika,Wednesday
2025-02-20,Maryland,11105,20489,1247,10678,2638,35138860,750,650,2000,820,850,Lubricant,Night,Mrs. Chika,Thursday
2025-02-21,Idimu,7568,26981,1050,9288,1612,34300010,750,650,2000,820,850,Lubricant,Morning,Ms. Ada,Friday
2025-02-22,Iwaya,12233,29744,559,19882,1053,46824640,750,650,2000,820,850,Automotive Fuel,Morning,Mr. John,Saturday
2025-02-23,Maryland,14516,10908,1087,18957,1315,36813690,750,650,2000,820,850,Lubricant,Afternoon,Mr. John,Sunday
2025-02-24,Idimu,11014,10633,1173,17727,1417,33258540,750,650,2000,820,850,Cooking Gas,Night,Mrs. Chika,Monday
2025-02-25,Iwaya,8049,22951,1247,15003,1411,36950710,750,650,2000,820,850,Cooking Gas,Afternoon,Mr. Tunde,Tuesday
2025-02-26,Maryland,8469,11025,1143,15261,1736,29793620,750,650,2000,820,850,Automotive Fuel,Morning,Mr. John,Wednesday
2025-02-27,Idimu,9626,26193,859,14758,1300,39169510,750,650,2000,820,850,Automotive Fuel,Night,Ms. Ada,Thursday
2025-02-28,Iwaya,6169,17292,1032,12706,1638,29741770,750,650,2000,820,850,Cooking Gas,Afternoon,Mrs. Chika,Friday
2025-03-01,Maryland,8269,14506,1032,18598,2233,34843060,750,650,2000,820,850,Cooking Gas,Afternoon,Mrs. Chika,Saturday
2025-03-02,Idimu,5090,27573,1197,15893,2435,39235960,750,650,2000,820,850,Cooking Gas,Afternoon,Mr. Tunde,Sunday
2025-03-03,Iwaya,10384,20739,622,16817,1046,37191390,750,650,2000,820,850,Automotive Fuel,Afternoon,Mr. John,Monday
2025-03-04,Maryland,8724,27610,560,14158,1149,38195710,750,650,2000,820,850,Automotive Fuel,Night,Mr. John,Tuesday
2025-03-05,Idimu,8110,29041,552,18237,1395,42203240,750,650,2000,820,850,Automotive Fuel,Afternoon,Mr. John,Wednesday
2025-03-06,Iwaya,5293,14538,867,8667,2986,24798490,750,650,2000,820,850,Automotive Fuel,Morning,Mr. John,Thursday
2025-03-07,Maryland,9308,21375,526,9300,2855,31979500,750,650,2000,820,850,Automotive Fuel,Morning,Mr. John,Friday
2025-03-08,Idimu,6377,16611,762,18550,1249,33376550,750,650,2000,820,850,Automotive Fuel,Afternoon,Mrs. Chika,Saturday
2025-03-09,Iwaya,13723,28303,1415,13842,2021,44587490,750,650,2000,820,850,Automotive Fuel,Morning,Mr. Tunde,Sunday
2025-03-10,Maryland,5722,19349,1435,18354,1694,36228530,750,650,2000,820,850,Automotive Fuel,Afternoon,Ms. Ada,Monday
2025-03-11,Idimu,7139,20137,1267,19394,1583,38225930,750,650,2000,820,850,Lubricant,Morning,Ms. Ada,Tuesday
2025-03-12,Iwaya,10144,23916,1192,8021,1339,33252770,750,650,2000,820,850,Lubricant,Afternoon,Mr. John,Wednesday
2025-03-13,Maryland,9854,13701,1180,11765,2689,30589100,750,650,2000,820,850,Cooking Gas,Night,Ms. Ada,Thursday
2025-03-14,Idimu,8935,25086,676,13208,2163,37028260,750,650,2000,820,850,Automotive Fuel,Night,Mrs. Chika,Friday
2025-03-15,Iwaya,10478,20708,1485,15504,2192,38865180,750,650,2000,820,850,Automotive Fuel,Afternoon,Ms. Ada,Saturday
2025-03-16,Maryland,10468,26491,1183,9385,1865,36717100,750,650,2000,820,850,Lubricant,Night,Ms. Ada,Sunday
2025-03-17,Idimu,12380,16851,1249,18175,1332,38771850,750,650,2000,820,850,Cooking Gas,Afternoon,Mr. John,Monday
2025-03-18,Iwaya,13761,26494,682,11277,2639,40396140,750,650,2000,820,850,Cooking Gas,Afternoon,Mr. John,Tuesday
2025-03-19,Maryland,8596,24825,834,17534,1188,39638930,750,650,2000,820,850,Lubricant,Afternoon,Ms. Ada,Wednesday
2025-03-20,Idimu,5591,11985,937,17441,2708,30460920,750,650,2000,820,850,Automotive Fuel,Morning,Mr. Tunde,Thursday
2025-03-21,Iwaya,5390,14993,1324,12604,1695,28211980,750,650,2000,820,850,Lubricant,Afternoon,Mr. John,Friday
2025-03-22,Maryland,14842,20112,1425,15619,2180,41714880,750,650,2000,820,850,Lubricant,Afternoon,Mrs. Chika,Saturday
2025-03-23,Idimu,14091,27947,549,14319,2046,43312480,750,650,2000,820,850,Lubricant,Morning,Mr. Tunde,Sunday
2025-03-24,Iwaya,7284,25173,1356,15424,1437,38406580,750,650,2000,820,850,Cooking Gas,Morning,Mr. John,Monday
2025-03-25,Maryland,7572,26343,823,19237,2500,42347290,750,650,2000,820,850,Automotive Fuel,Afternoon,Mr. Tunde,Tuesday
2025-03-26,Idimu,6188,25910,942,13481,2216,36304520,750,650,2000,820,850,Automotive Fuel,Afternoon,Mr. John,Wednesday
2025-03-27,Iwaya,13657,11568,675,12289,1390,30370430,750,650,2000,820,850,Cooking Gas,Night,Mrs. Chika,Thursday
2025-03-28,Maryland,6335,18207,1455,17637,1214,34990040,750,650,2000,820,850,Cooking Gas,Night,Mrs. Chika,Friday
2025-03-29,Idimu,7551,20575,1101,17808,1257,36910010,750,650,2000,820,850,Cooking Gas,Morning,Mrs. Chika,Saturday
2025-03-30,Iwaya,9877,12428,1181,19528,2316,35829510,750,650,2000,820,850,Cooking Gas,Night,Mr. John,Sunday
2025-03-31,Maryland,12143,23796,584,11554,2027,36939880,750,650,2000,820,850,Automotive Fuel,Morning,Ms. Ada,Monday
2025-01-01,Idimu,6317,27833,567,14480,2417,37891250,750,650,2000,820,850,Automotive Fuel,Morning,Mrs. Chika,Wednesday
2025-01-02,Iwaya,7816,26981,917,17617,2258,41598890,750,650,2000,820,850,Cooking Gas,Night,Mr. John,Thursday
2025-01-03,Maryland,9041,25061,686,15513,2974,39690960,750,650,2000,820,850,Automotive Fuel,Night,Mrs. Chika,Friday
2025-01-04,Idimu,12033,24100,558,19808,1500,43323310,750,650,2000,820,850,Lubricant,Afternoon,Mrs. Chika,Saturday
2025-01-05,Iwaya,11190,10134,729,10172,1311,25892990,750,650,2000,820,850,Cooking Gas,Night,Mr. John,Sunday
2025-01-06,Maryland,13821,17006,1084,13554,1981,36385780,750,650,2000,820,850,Cooking Gas,Afternoon,Ms. Ada,Monday
2025-01-07,Idimu,12427,29678,1149,19227,1497,47947540,750,650,2000,820,850,Lubricant,Afternoon,Mr. John,Tuesday
2025-01-08,Iwaya,5247,11909,1077,19792,2507,32190490,750,650,2000,820,850,Cooking Gas,Afternoon,Mr. Tunde,Wednesday
2025-01-09,Maryland,5738,20668,1402,13073,1459,32501710,750,650,2000,820,850,Cooking Gas,Night,Mr. John,Thursday
2025-01-10,Idimu,13579,23667,1310,10571,1685,38288270,750,650,2000,820,850,Automotive Fuel,Night,Mr. Tunde,Friday
2025-01-11,Iwaya,9819,20053,758,15672,2115,36563490,750,650,2000,820,850,Cooking Gas,Night,Mr. Tunde,Saturday
2025-01-12,Maryland,12221,23731,1210,11293,2305,38230410,750,650,2000,820,850,Lubricant,Night,Mrs. Chika,Sunday
2025-01-13,Idimu,13158,29682,961,19655,1061,48102750,750,650,2000,820,850,Lubricant,Morning,Mrs. Chika,Monday
2025-01-14,Iwaya,13277,26992,609,18542,1144,44897390,750,650,2000,820,850,Lubricant,Morning,Mr. John,Tuesday
2025-01-15,Maryland,14986,22564,877,15568,2019,42142010,750,650,2000,820,850,Lubricant,Night,Mr. John,Wednesday
2025-01-16,Idimu,12973,17421,1285,17403,2004,39597260,750,650,2000,820,850,Cooking Gas,Afternoon,Mrs. Chika,Thursday
2025-01-17,Iwaya,14778,25417,605,18653,2102,45896710,750,650,2000,820,850,Cooking Gas,Afternoon,Mr. Tunde,Friday
2025-01-18,Maryland,12884,24108,844,13068,1110,38680460,750,650,2000,820,850,Cooking Gas,Night,Ms. Ada,Saturday
2025-01-19,Idimu,12403,27285,664,14922,2271,42531890,750,650,2000,820,850,Lubricant,Night,Mrs. Chika,Sunday
2025-01-20,Iwaya,10451,24947,1011,11474,2465,37579730,750,650,2000,820,850,Cooking Gas,Afternoon,Mrs. Chika,Monday
2025-01-21,Maryland,12200,26724,977,15332,2580,43239840,750,650,2000,820,850,Automotive Fuel,Morning,Mr. Tunde,Tuesday
2025-01-22,Idimu,12279,26281,533,18526,2638,44791520,750,650,2000,820,850,Lubricant,Night,Mr. John,Wednesday
2025-01-23,Iwaya,11806,19813,947,16758,1783,38884060,750,650,2000,820,850,Lubricant,Afternoon,Ms. Ada,Thursday
2025-01-24,Maryland,14095,14684,922,17497,1100,37242390,750,650,2000,820,850,Lubricant,Afternoon,Mr. John,Friday
2025-01-25,Idimu,8179,16871,1347,9548,1940,29272760,750,650,2000,820,850,Lubricant,Night,Mr. John,Saturday
2025-01-26,Iwaya,14260,12619,969,11874,2674,32844930,750,650,2000,820,850,Automotive Fuel,Morning,Ms. Ada,Sunday
2025-01-27,Maryland,8968,12359,1433,17468,2993,34493160,750,650,2000,820,850,Cooking Gas,Morning,Mrs. Chika,Monday
2025-01-28,Idimu,9264,28742,730,8388,2244,35875860,750,650,2000,820,850,Lubricant,Afternoon,Ms. Ada,Tuesday
2025-01-29,Iwaya,9588,27272,1224,15790,1203,41336150,750,650,2000,820,850,Automotive Fuel,Afternoon,Mr. Tunde,Wednesday
2025-01-30,Maryland,8231,27138,659,19604,2911,43680580,750,650,2000,820,850,Cooking Gas,Morning,Mr. John,Thursday
2025-01-31,Idimu,5160,22817,987,16451,1075,35078620,750,650,2000,820,850,Automotive Fuel,Night,Mr. Tunde,Friday
2025-02-01,Iwaya,11428,18985,1457,17950,2091,40321600,750,650,2000,820,850,Automotive Fuel,Morning,Mrs. Chika,Saturday
2025-02-02,Maryland,10884,22337,774,14105,1782,37310850,750,650,2000,820,850,Automotive Fuel,Afternoon,Mr. John,Sunday
2025-02-03,Idimu,14869,25489,1475,13432,1046,42572940,750,650,2000,820,850,Cooking Gas,Afternoon,Mr. John,Monday
2025-02-04,Iwaya,9331,24348,662,17398,2968,40937610,750,650,2000,820,850,Automotive Fuel,Night,Ms. Ada,Tuesday
2025-02-05,Maryland,14148,11629,760,10334,1554,29484630,750,650,2000,820,850,Automotive Fuel,Morning,Mr. Tunde,Wednesday
2025-02-06,Idimu,6919,16453,1086,17928,1538,34063960,750,650,2000,820,850,Automotive Fuel,Afternoon,Ms. Ada,Thursday
2025-02-07,Iwaya,5615,16657,956,13203,1887,29380710,750,650,2000,820,850,Lubricant,Afternoon,Mr. Tunde,Friday
2025-02-08,Maryland,7289,27708,962,12372,1052,36440190,750,650,2000,820,850,Lubricant,Night,Mr. Tunde,Saturday
2025-02-09,Idimu,12533,29527,510,15707,2552,44661240,750,650,2000,820,850,Automotive Fuel,Night,Mr. Tunde,Sunday
2025-02-10,Iwaya,10930,17636,1106,16257,1316,36322240,750,650,2000,820,850,Lubricant,Afternoon,Mr. John,Monday
2025-02-11,Maryland,6508,24050,716,16715,1318,36772100,750,650,2000,820,850,Automotive Fuel,Morning,Mr. John,Tuesday
2025-02-12,Idimu,6895,10498,552,19659,1848,30790130,750,650,2000,820,850,Lubricant,Morning,Mrs. Chika,Wednesday
2025-02-13,Iwaya,10842,27074,859,15184,2837,42309930,750,650,2000,820,850,Lubricant,Afternoon,Mrs. Chika,Thursday
2025-02-14,Maryland,10810,26145,867,10548,2977,38015560,750,650,2000,820,850,Cooking Gas,Morning,Ms. Ada,Friday
2025-02-15,Idimu,13200,23877,1359,16781,1452,43132670,750,650,2000,820,850,Cooking Gas,Morning,Ms. Ada,Saturday
2025-02-16,Iwaya,11176,20034,1463,8835,1909,33197450,750,650,2000,820,850,Lubricant,Afternoon,Mr. Tunde,Sunday
2025-02-17,Maryland,7409,27019,699,19838,1860,42365260,750,650,2000,820,850,Cooking Gas,Afternoon,Mr. Tunde,Monday
2025-02-18,Idimu,13175,12236,1125,17412,2102,36149190,750,650,2000,820,850,Automotive Fuel,Afternoon,Ms. Ada,Tuesday
2025-02-19,Iwaya,9142,15590,883,11087,2689,30132990,750,650,2000,820,850,Cooking Gas,Night,Mr. Tunde,Wednesday
2025-02-20,Maryland,9871,27845,500,18812,2745,44261590,750,650,2000,820,850,Cooking Gas,Night,Mr. John,Thursday
2025-02-21,Idimu,7058,14531,1441,12096,1898,29152670,750,650,2000,820,850,Automotive Fuel,Morning,Ms. Ada,Friday
2025-02-22,Iwaya,10324,14727,817,11847,2517,30803540,750,650,2000,820,850,Automotive Fuel,Afternoon,Mr. Tunde,Saturday
2025-02-23,Maryland,14106,20333,622,8341,2184,33735970,750,650,2000,820,850,Lubricant,Afternoon,Mr. John,Sunday
2025-02-24,Idimu,5992,13285,658,17604,2191,30742880,750,650,2000,820,850,Lubricant,Night,Mrs. Chika,Monday
2025-02-25,Iwaya,9026,20398,691,10200,2199,31643350,750,650,2000,820,850,Lubricant,Afternoon,Mr. John,Tuesday
2025-02-26,Maryland,6359,13034,1027,12580,2664,27875350,750,650,2000,820,850,Cooking Gas,Night,Ms. Ada,Wednesday
2025-02-27,Idimu,8225,18473,689,14494,2743,33770830,750,650,2000,820,850,Automotive Fuel,Night,Ms. Ada,Thursday
2025-02-28,Iwaya,6639,12544,507,8227,1238,21945290,750,650,2000,820,850,Lubricant,Afternoon,Mr. John,Friday
2025-03-01,Maryland,11079,29586,1052,10981,2531,40799920,750,650,2000,820,850,Lubricant,Afternoon,Ms. Ada,Saturday
2025-03-02,Idimu,10959,13386,1175,15547,2289,33964340,750,650,2000,820,850,Automotive Fuel,Morning,Mr. Tunde,Sunday
2025-03-03,Iwaya,7242,28384,684,13333,2895,38642910,750,650,2000,820,850,Cooking Gas,Night,Mr. Tunde,Monday
2025-03-04,Maryland,6759,20349,1100,12693,1218,31939660,750,650,2000,820,850,Lubricant,Afternoon,Mrs. Chika,Tuesday
2025-03-05,Idimu,7131,19952,1229,8112,2046,29165990,750,650,2000,820,850,Lubricant,Night,Mr. Tunde,Wednesday
2025-03-06,Iwaya,5793,29619,830,12766,1989,37415870,750,650,2000,820,850,Lubricant,Afternoon,Mrs. Chika,Thursday
2025-03-07,Maryland,7174,10727,1468,9891,1591,24752020,750,650,2000,820,850,Automotive Fuel,Morning,Mr. John,Friday
2025-03-08,Idimu,7488,12402,905,12449,2302,27652180,750,650,2000,820,850,Cooking Gas,Morning,Mr. John,Saturday
2025-03-09,Iwaya,6086,12759,626,14822,1773,27770940,750,650,2000,820,850,Lubricant,Night,Mr. John,Sunday
2025-03-10,Maryland,12009,24594,1209,10605,2983,38642500,750,650,2000,820,850,Lubricant,Afternoon,Mrs. Chika,Monday
2025-03-11,Idimu,9323,22035,1483,12480,1706,35964700,750,650,2000,820,850,Cooking Gas,Morning,Ms. Ada,Tuesday
2025-03-12,Iwaya,10395,15744,796,12853,1317,31280760,750,650,2000,820,850,Cooking Gas,Morning,Mrs. Chika,Wednesday
2025-03-13,Maryland,7569,20349,557,19758,2975,38747910,750,650,2000,820,850,Cooking Gas,Night,Mr. Tunde,Thursday
2025-03-14,Idimu,10134,18103,519,8182,1074,28027590,750,650,2000,820,850,Cooking Gas,Night,Mr. John,Friday
2025-03-15,Iwaya,11555,22352,1467,17943,1559,42167460,750,650,2000,820,850,Automotive Fuel,Afternoon,Mr. John,Saturday
2025-03-16,Maryland,10029,11572,1037,13646,1280,29395270,750,650,2000,820,850,Automotive Fuel,Morning,Mr. John,Sunday
2025-03-17,Idimu,14012,21807,1247,19161,1664,44303970,750,650,2000,820,850,Automotive Fuel,Night,Ms. Ada,Monday
2025-03-18,Iwaya,9609,23998,765,10190,1196,33707850,750,650,2000,820,850,Cooking Gas,Morning,Ms. Ada,Tuesday
2025-03-19,Maryland,14121,26802,1442,18785,1219,47335900,750,650,2000,820,850,Lubricant,Afternoon,Mr. John,Wednesday
2025-03-20,Idimu,6382,10664,809,16028,2402,28520760,750,650,2000,820,850,Lubricant,Night,Mr. John,Thursday
2025-03-21,Iwaya,5975,11860,1096,10146,2122,24505670,750,650,2000,820,850,Automotive Fuel,Night,Mr. John,Friday
2025-03-22,Maryland,9118,19079,1307,10949,2770,33186530,750,650,2000,820,850,Automotive Fuel,Night,Mrs. Chika,Saturday
2025-03-23,Idimu,14818,21407,857,12590,1837,38627300,750,650,2000,820,850,Lubricant,Morning,Mr. John,Sunday
2025-03-24,Iwaya,14859,22096,1166,13650,1323,40156200,750,650,2000,820,850,Lubricant,Afternoon,Ms. Ada,Monday
2025-03-25,Maryland,7595,18967,714,13185,2878,32710800,750,650,2000,820,850,Lubricant,Night,Mr. John,Tuesday
2025-03-26,Idimu,6410,22394,960,12503,2191,33398410,750,650,2000,820,850,Automotive Fuel,Afternoon,Ms. Ada,Wednesday
2025-03-27,Iwaya,5347,28564,1313,15007,1529,38808240,750,650,2000,820,850,Lubricant,Afternoon,Mrs. Chika,Thursday
2025-03-28,Maryland,8467,16953,979,18134,2077,35963030,750,650,2000,820,850,Lubricant,Night,Mr. Tunde,Friday
2025-03-29,Idimu,13615,27772,1075,11371,1461,40979120,750,650,2000,820,850,Lubricant,Afternoon,Mr. Tunde,Saturday
2025-03-30,Iwaya,6340,19253,1412,16755,1678,35258850,750,650,2000,820,850,Automotive Fuel,Night,Mrs. Chika,Sunday
2025-03-31,Maryland,7504,23241,1448,18393,1476,39967510,750,650,2000,820,850,Cooking Gas,Night,Mr. John,Monday
2025-01-01,Idimu,11431,16756,1195,17711,1297,37480120,750,650,2000,820,850,Cooking Gas,Night,Mr. Tunde,Wednesday
2025-01-02,Iwaya,9696,13145,640,13138,2913,30345460,750,650,2000,820,850,Lubricant,Afternoon,Mr. John,Thursday
2025-01-03,Maryland,9939,29749,1395,16215,1147,43852350,750,650,2000,820,850,Automotive Fuel,Afternoon,Mr. John,Friday
2025-01-04,Idimu,10313,18747,574,15295,1761,35107050,750,650,2000,820,850,Cooking Gas,Night,Ms. Ada,Saturday
2025-01-05,Iwaya,10333,21839,1442,16707,1898,40142140,750,650,2000,820,850,Lubricant,Night,Ms. Ada,Sunday
2025-01-06,Maryland,7358,10887,1382,15473,1198,29065210,750,650,2000,820,850,Lubricant,Afternoon,Mr. John,Monday
2025-01-07,Idimu,6394,15526,1153,19973,1718,35031560,750,650,2000,820,850,Automotive Fuel,Night,Ms. Ada,Tuesday
2025-01-08,Iwaya,5438,15395,1434,10896,1153,26868020,750,650,2000,820,850,Cooking Gas,Afternoon,Ms. Ada,Wednesday
2025-01-09,Maryland,10546,10365,574,8917,2522,25250390,750,650,2000,820,850,Cooking Gas,Morning,Mrs. Chika,Thursday
2025-01-10,Idimu,6181,22766,1325,11738,1893,33317860,750,650,2000,820,850,Automotive Fuel,Night,Ms. Ada,Friday
2025-01-11,Iwaya,13975,14751,1262,18953,2880,40582860,750,650,2000,820,850,Automotive Fuel,Morning,Mr. John,Saturday
2025-01-12,Maryland,9611,28618,1469,12093,2740,40993210,750,650,2000,820,850,Automotive Fuel,Night,Ms. Ada,Sunday
2025-01-13,Idimu,6428,21662,1045,15957,2225,35967290,750,650,2000,820,850,Lubricant,Night,Mr. John,Monday
2025-01-14,Iwaya,8264,14825,1284,10145,2596,28927750,750,650,2000,820,850,Automotive Fuel,Afternoon,Ms. Ada,Tuesday
2025-01-15,Maryland,5489,11139,1364,14772,1285,27290390,750,650,2000,820,850,Automotive Fuel,Night,Mr. Tunde,Wednesday
2025-01-16,Idimu,12941,24818,779,9962,1536,36869890,750,650,2000,820,850,Lubricant,Morning,Mr. John,Thursday
2025-01-17,Iwaya,11012,14675,691,15550,2121,33733600,750,650,2000,820,850,Cooking Gas,Morning,Mrs. Chika,Friday
2025-01-18,Maryland,13054,24427,1223,12970,1998,40447750,750,650,2000,820,850,Cooking Gas,Afternoon,Ms. Ada,Saturday
2025-01-19,Idimu,7944,20412,939,10128,2622,31637460,750,650,2000,820,850,Lubricant,Morning,Mr. Tunde,Sunday
2025-01-20,Iwaya,8143,24868,715,18020,1250,39540350,750,650,2000,820,850,Cooking Gas,Night,Mrs. Chika,Monday
2025-01-21,Maryland,5212,15645,1472,16115,1555,31558300,750,650,2000,820,850,Lubricant,Night,Mr. Tunde,Tuesday
2025-01-22,Idimu,5690,22012,1300,9593,2163,30880110,750,650,2000,820,850,Cooking Gas,Night,Mr. Tunde,Wednesday
2025-01-23,Iwaya,5417,22795,1081,16451,1248,35592120,750,650,2000,820,850,Cooking Gas,Night,Mr. Tunde,Thursday
2025-01-24,Maryland,14231,24875,1322,12019,2294,41291480,750,650,2000,820,850,Lubricant,Afternoon,Ms. Ada,Friday
2025-01-25,Idimu,8694,10057,912,15171,2444,29399170,750,650,2000,820,850,Lubricant,Night,Mrs. Chika,Saturday
2025-01-26,Iwaya,5475,24673,1364,9191,2442,32484020,750,650,2000,820,850,Cooking Gas,Night,Mr. Tunde,Sunday
2025-01-27,Maryland,5554,23696,951,13480,2173,34370550,750,650,2000,820,850,Automotive Fuel,Morning,Mr. John,Monday
2025-01-28,Idimu,10738,16610,716,13265,2716,33467900,750,650,2000,820,850,Lubricant,Night,Mr. John,Tuesday
2025-01-29,Iwaya,14816,11360,830,11463,2146,31379760,750,650,2000,820,850,Automotive Fuel,Morning,Mr. Tunde,Wednesday
2025-01-30,Maryland,6684,20056,834,19835,2568,38164900,750,650,2000,820,850,Automotive Fuel,Night,Mrs. Chika,Thursday
2025-01-31,Idimu,8862,13341,509,14133,1883,29525760,750,650,2000,820,850,Automotive Fuel,Morning,Mrs. Chika,Friday
2025-02-01,Iwaya,5694,16946,1249,18963,1941,34982910,750,650,2000,820,850,Lubricant,Night,Mr. Tunde,Saturday
2025-02-02,Maryland,10499,14353,547,9864,1239,27439330,750,650,2000,820,850,Lubricant,Afternoon,Mr. Tunde,Sunday
2025-02-03,Idimu,7253,13348,546,19198,1682,32380010,750,650,2000,820,850,Lubricant,Afternoon,Mr. Tunde,Monday
2025-02-04,Iwaya,11645,22834,1407,13376,1655,38764920,750,650,2000,820,850,Automotive Fuel,Night,Ms. Ada,Tuesday
2025-02-05,Maryland,14112,26821,1118,14753,2826,44753210,750,650,2000,820,850,Lubricant,Night,Ms. Ada,Wednesday
2025-02-06,Idimu,12729,17751,710,16201,2254,37705620,750,650,2000,820,850,Automotive Fuel,Night,Ms. Ada,Thursday
2025-02-07,Iwaya,12245,14579,1367,15928,2931,36946410,750,650,2000,820,850,Cooking Gas,Afternoon,Mrs. Chika,Friday
2025-02-08,Maryland,13112,14589,658,19100,2948,38800650,750,650,2000,820,850,Cooking Gas,Morning,Mr. Tunde,Saturday
2025-02-09,Idimu,10888,14363,614,15712,1785,33131040,750,650,2000,820,850,Cooking Gas,Afternoon,Mr. Tunde,Sunday
2025-02-10,Iwaya,6462,28182,1453,9708,1209,35059010,750,650,2000,820,850,Lubricant,Morning,Mr. John,Monday
2025-02-11,Maryland,13939,26150,807,17705,2596,45790450,750,650,2000,820,850,Cooking Gas,Night,Mr. Tunde,Tuesday
2025-02-12,Idimu,7094,18387,1348,16141,1893,34812720,750,650,2000,820,850,Automotive Fuel,Night,Mrs. Chika,Wednesday
2025-02-13,Iwaya,9753,29452,1309,10169,2528,39563930,750,650,2000,820,850,Lubricant,Morning,Mrs. Chika,Thursday
2025-02-14,Maryland,10493,13782,1403,15006,1721,33401820,750,650,2000,820,850,Cooking Gas,Morning,Mrs. Chika,Friday
2025-02-15,Idimu,10908,16037,1418,8724,2908,31066530,750,650,2000,820,850,Automotive Fuel,Morning,Mr. Tunde,Saturday
2025-02-16,Iwaya,8294,20583,1142,16695,2730,37893850,750,650,2000,820,850,Automotive Fuel,Night,Mrs. Chika,Sunday
2025-02-17,Maryland,9014,23184,853,11825,1872,34823800,750,650,2000,820,850,Lubricant,Afternoon,Mr. John,Monday
2025-02-18,Idimu,14913,21637,1451,13989,2399,41660930,750,650,2000,820,850,Automotive Fuel,Morning,Mrs. Chika,Tuesday
2025-02-19,Iwaya,8778,21483,698,15416,1820,36131570,750,650,2000,820,850,Automotive Fuel,Afternoon,Ms. Ada,Wednesday
2025-02-20,Maryland,11407,17699,1319,12984,2977,35874930,750,650,2000,820,850,Automotive Fuel,Afternoon,Mr. Tunde,Thursday
2025-02-21,Idimu,10504,13967,1112,16767,1920,34561490,750,650,2000,820,850,Automotive Fuel,Morning,Ms. Ada,Friday
2025-02-22,Iwaya,5061,22310,1426,12575,1444,32688150,750,650,2000,820,850,Cooking Gas,Night,Mr. Tunde,Saturday
2025-02-23,Maryland,9878,26072,1467,15794,1493,41509430,750,650,2000,820,850,Cooking Gas,Morning,Mrs. Chika,Sunday
2025-02-24,Idimu,10538,22233,542,10584,1327,33245780,750,650,2000,820,850,Automotive Fuel,Afternoon,Ms. Ada,Monday
2025-02-25,Iwaya,7331,25858,1480,15965,1803,39889800,750,650,2000,820,850,Lubricant,Morning,Mr. Tunde,Tuesday
2025-02-26,Maryland,9481,26462,1323,8096,1503,34873320,750,650,2000,820,850,Cooking Gas,Afternoon,Mrs. Chika,Wednesday
2025-02-27,Idimu,12863,14760,1492,13585,1611,34734300,750,650,2000,820,850,Cooking Gas,Night,Mr. John,Thursday
2025-02-28,Iwaya,5691,20576,899,17555,2876,36280350,750,650,2000,820,850,Automotive Fuel,Night,Ms. Ada,Friday
2025-03-01,Maryland,7248,27625,1312,16184,1232,40334330,750,650,2000,820,850,Cooking Gas,Afternoon,Mr. Tunde,Saturday
2025-03-02,Idimu,11828,28226,965,8744,2117,38117430,750,650,2000,820,850,Cooking Gas,Morning,Ms. Ada,Sunday
2025-03-03,Iwaya,6599,19820,1464,18601,1784,37529470,750,650,2000,820,850,Automotive Fuel,Morning,Mr. Tunde,Monday
2025-03-04,Maryland,6186,14092,1329,17664,2125,32748030,750,650,2000,820,850,Automotive Fuel,Afternoon,Mrs. Chika,Tuesday
2025-03-05,Idimu,11388,24583,641,15879,1563,40151280,750,650,2000,820,850,Automotive Fuel,Afternoon,Mrs. Chika,Wednesday
2025-03-06,Iwaya,7548,28258,795,9035,2420,35084400,750,650,2000,820,850,Automotive Fuel,Afternoon,Mr. Tunde,Thursday
2025-03-07,Maryland,13191,20082,1133,15259,2114,39521830,750,650,2000,820,850,Lubricant,Afternoon,Mrs. Chika,Friday
2025-03-08,Idimu,8105,11296,921,16456,2567,30939020,750,650,2000,820,850,Cooking Gas,Afternoon,Mrs. Chika,Saturday
2025-03-09,Iwaya,13261,26706,1071,15230,2596,44141850,750,650,2000,820,850,Cooking Gas,Afternoon,Ms. Ada,Sunday
2025-03-10,Maryland,13476,11371,1361,9618,1754,29597810,750,650,2000,820,850,Lubricant,Morning,Ms. Ada,Monday
2025-03-11,Idimu,14599,28851,521,17211,1457,46095870,750,650,2000,820,850,Cooking Gas,Afternoon,Mrs. Chika,Tuesday
2025-03-12,Iwaya,14955,20997,1349,18485,1666,44136100,750,650,2000,820,850,Cooking Gas,Afternoon,Mrs. Chika,Wednesday
2025-03-13,Maryland,11394,10648,1462,15082,2062,32510640,750,650,2000,820,850,Cooking Gas,Afternoon,Mr. Tunde,Thursday
2025-03-14,Idimu,6034,29585,887,15313,1096,39018010,750,650,2000,820,850,Lubricant,Morning,Ms. Ada,Friday
2025-03-15,Iwaya,13175,27042,1032,12985,1733,41643300,750,650,2000,820,850,Lubricant,Night,Mr. Tunde,Saturday
2025-03-16,Maryland,14838,26395,1483,18433,1780,47879310,750,650,2000,820,850,Automotive Fuel,Night,Mr. John,Sunday
2025-03-17,Idimu,5519,15021,1192,16652,1978,31622840,750,650,2000,820,850,Lubricant,Afternoon,Ms. Ada,Monday
2025-03-18,Iwaya,7441,21890,1057,13379,1280,33982030,750,650,2000,820,850,Lubricant,Afternoon,Mr. John,Tuesday
2025-03-19,Maryland,9850,12229,522,13892,1917,29401240,750,650,2000,820,850,Lubricant,Night,Mr. Tunde,Wednesday
2025-03-20,Idimu,14209,23275,1452,16256,1914,43646320,750,650,2000,820,850,Cooking Gas,Afternoon,Mr. John,Thursday
2025-03-21,Iwaya,10492,25521,915,18424,1653,42800380,750,650,2000,820,850,Lubricant,Morning,Mrs. Chika,Friday
2025-03-22,Maryland,12251,29703,743,14579,2337,43922430,750,650,2000,820,850,Automotive Fuel,Morning,Mr. John,Saturday
2025-03-23,Idimu,5129,16372,569,14647,1750,29124590,750,650,2000,820,850,Automotive Fuel,Morning,Mr. Tunde,Sunday
2025-03-24,Iwaya,7690,23388,730,15605,1497,36498250,750,650,2000,820,850,Lubricant,Night,Mr. John,Monday
2025-03-25,Maryland,5559,25767,986,15404,1485,36783330,750,650,2000,820,850,Cooking Gas,Night,Mrs. Chika,Tuesday
2025-03-26,Idimu,9606,22159,929,11147,1337,33742840,750,650,2000,820,850,Lubricant,Night,Mr. Tunde,Wednesday
2025-03-27,Iwaya,7365,28299,1234,10710,2905,37637550,750,650,2000,820,850,Cooking Gas,Afternoon,Mr. John,Thursday
2025-03-28,Maryland,5985,18402,878,12053,2651,30342860,750,650,2000,820,850,Automotive Fuel,Afternoon,Mr. John,Friday
2025-03-29,Idimu,13996,11146,913,12204,2861,32007030,750,650,2000,820,850,Cooking Gas,Afternoon,Ms. Ada,Saturday
2025-03-30,Iwaya,11805,14927,804,14106,2646,33980320,750,650,2000,820,850,Cooking Gas,Night,Mrs. Chika,Sunday
2025-03-31,Maryland,5448,20205,1496,16615,1008,34692350,750,650,2000,820,850,Automotive Fuel,Afternoon,Mr. Tunde,Monday
2025-01-01,Idimu,10172,21054,843,12842,2389,35561190,750,650,2000,820,850,Cooking Gas,Night,Mrs. Chika,Wednesday
2025-01-02,Iwaya,9026,28270,533,12426,2623,38629870,750,650,2000,820,850,Lubricant,Morning,Mr. John,Thursday
2025-01-03,Maryland,14003,20788,536,16936,2358,40978270,750,650,2000,820,850,Automotive Fuel,Morning,Mr. Tunde,Friday
2025-01-04,Idimu,5549,19793,795,15689,2870,33921680,750,650,2000,820,850,Automotive Fuel,Night,Mrs. Chika,Saturday
2025-01-05,Iwaya,14408,29390,1365,10375,1563,42475550,750,650,2000,820,850,Lubricant,Night,Mrs. Chika,Sunday
2025-01-06,Maryland,7003,17406,616,10347,2854,28708590,750,650,2000,820,850,Automotive Fuel,Night,Mr. John,Monday
2025-01-07,Idimu,11498,28619,1369,10592,2816,41042890,750,650,2000,820,850,Automotive Fuel,Afternoon,Mrs. Chika,Tuesday
2025-01-08,Iwaya,10881,26986,862,9765,2590,37634450,750,650,2000,820,850,Automotive Fuel,Morning,Mrs. Chika,Wednesday
2025-01-09,Maryland,7586,16791,1039,14137,2468,32371790,750,650,2000,820,850,Lubricant,Afternoon,Ms. Ada,Thursday
2025-01-10,Idimu,11413,19100,551,15769,1092,35935530,750,650,2000,820,850,Lubricant,Afternoon,Mr. Tunde,Friday
2025-01-11,Iwaya,7713,16586,1004,16947,2349,34466840,750,650,2000,820,850,Lubricant,Night,Mr. John,Saturday
2025-01-12,Maryland,14925,29690,505,13258,1313,43489860,750,650,2000,820,850,Cooking Gas,Night,Ms. Ada,Sunday
2025-01-13,Idimu,5028,25601,611,16816,2699,37716920,750,650,2000,820,850,Cooking Gas,Afternoon,Ms. Ada,Monday
2025-01-14,Iwaya,14306,23805,1028,9587,1312,37235290,750,650,2000,820,850,Cooking Gas,Morning,Mrs. Chika,Tuesday
2025-01-15,Maryland,12511,13216,753,11968,1882,30893110,750,650,2000,820,850,Lubricant,Morning,Ms. Ada,Wednesday
2025-01-16,Idimu,5591,19642,697,14243,1044,30921210,750,650,2000,820,850,Cooking Gas,Morning,Mrs. Chika,Thursday
2025-01-17,Iwaya,14527,25596,861,12375,2109,41194800,750,650,2000,820,850,Cooking Gas,Afternoon,Ms. Ada,Friday
2025-01-18,Maryland,9137,14809,1120,8441,2006,27345320,750,650,2000,820,850,Lubricant,Afternoon,Ms. Ada,Saturday
2025-01-19,Idimu,12452,13762,598,19069,1324,36242280,750,650,2000,820,850,Automotive Fuel,Night,Mr. John,Sunday
2025-01-20,Iwaya,14267,21984,779,16901,2485,42518920,750,650,2000,820,850,Cooking Gas,Morning,Mrs. Chika,Monday
2025-01-21,Maryland,14323,15775,1407,19043,1902,41041960,750,650,2000,820,850,Automotive Fuel,Afternoon,Ms. Ada,Tuesday
2025-01-22,Idimu,6816,21520,905,18535,1388,37288500,750,650,2000,820,850,Lubricant,Morning,Mr. Tunde,Wednesday
2025-01-23,Iwaya,11757,21438,547,19586,1893,41516020,750,650,2000,820,850,Lubricant,Morning,Mrs. Chika,Thursday
2025-01-24,Maryland,12707,28911,539,12921,2597,42203070,750,650,2000,820,850,Lubricant,Afternoon,Ms. Ada,Friday
2025-01-25,Idimu,12610,22820,578,11232,1484,35918140,750,650,2000,820,850,Cooking Gas,Night,Mr. John,Saturday
2025-01-26,Iwaya,6909,18913,1486,17606,1883,36484670,750,650,2000,820,850,Automotive Fuel,Afternoon,Ms. Ada,Sunday
2025-01-27,Maryland,14547,10984,1097,14241,2320,33893470,750,650,2000,820,850,Automotive Fuel,Afternoon,Mr. Tunde,Monday
2025-01-28,Idimu,14294,12511,911,8539,2608,29893430,750,650,2000,820,850,Cooking Gas,Afternoon,Ms. Ada,Tuesday
2025-01-29,Iwaya,10286,11780,914,19617,1892,34893640,750,650,2000,820,850,Cooking Gas,Afternoon,Mr. Tunde,Wednesday
2025-01-30,Maryland,12369,29556,985,11780,2881,42566600,750,650,2000,820,850,Lubricant,Night,Mr. John,Thursday
2025-01-31,Idimu,9430,18896,1273,14611,1608,35248720,750,650,2000,820,850,Lubricant,Morning,Mr. John,Friday
2025-02-01,Iwaya,9357,20194,800,13422,2444,34827290,750,650,2000,820,850,Automotive Fuel,Afternoon,Mrs. Chika,Saturday
2025-02-02,Maryland,7514,14952,1231,19725,1633,35378850,750,650,2000,820,850,Automotive Fuel,Morning,Mr. John,Sunday
2025-02-03,Idimu,9357,17689,677,12653,2801,32625910,750,650,2000,820,850,Lubricant,Night,Mr. Tunde,Monday
2025-02-04,Iwaya,5292,24727,1241,15277,1133,36013740,750,650,2000,820,850,Cooking Gas,Afternoon,Ms. Ada,Tuesday
2025-02-05,Maryland,6920,15874,876,9588,1186,26130360,750,650,2000,820,850,Cooking Gas,Afternoon,Mr. Tunde,Wednesday
2025-02-06,Idimu,13394,13697,1380,11862,1908,33057190,750,650,2000,820,850,Automotive Fuel,Morning,Ms. Ada,Thursday
2025-02-07,Iwaya,6140,19928,1093,15920,2667,35065550,750,650,2000,820,850,Automotive Fuel,Morning,Ms. Ada,Friday
2025-02-08,Maryland,12803,14191,1425,10418,1898,31832460,750,650,2000,820,850,Lubricant,Morning,Mr. Tunde,Saturday
2025-02-09,Idimu,13583,19872,1032,8444,1945,33745380,750,650,2000,820,850,Automotive Fuel,Night,Mr. John,Sunday
2025-02-10,Iwaya,9079,18309,1416,8843,2579,30985510,750,650,2000,820,850,Lubricant,Morning,Mr. Tunde,Monday
2025-02-11,Maryland,13563,26518,613,10024,1444,38082030,750,650,2000,820,850,Lubricant,Morning,Mrs. Chika,Tuesday
2025-02-12,Idimu,10652,24010,1395,13964,1133,38799030,750,650,2000,820,850,Automotive Fuel,Morning,Mr. Tunde,Wednesday
2025-02-13,Iwaya,12488,24498,1404,10944,1714,38528680,750,650,2000,820,850,Lubricant,Morning,Mrs. Chika,Thursday
2025-02-14,Maryland,12890,15815,814,17969,1011,37169180,750,650,2000,820,850,Cooking Gas,Morning,Mr. Tunde,Friday
2025-02-15,Idimu,13686,20781,565,16105,1767,39610200,750,650,2000,820,850,Cooking Gas,Afternoon,Mr. John,Saturday
2025-02-16,Iwaya,6115,23144,861,10360,1224,30887450,750,650,2000,820,850,Lubricant,Night,Ms. Ada,Sunday
2025-02-17,Maryland,6066,26803,1368,10542,1017,34216340,750,650,2000,820,850,Automotive Fuel,Night,Mr. John,Monday
2025-02-18,Idimu,14176,22771,1182,16071,1199,41994520,750,650,2000,820,850,Lubricant,Morning,Mr. Tunde,Tuesday
2025-02-19,Iwaya,8805,21015,1397,14316,2175,36645370,750,650,2000,820,850,Automotive Fuel,Night,Mrs. Chika,Wednesday
2025-02-20,Maryland,12795,27770,1173,14362,1061,42671440,750,650,2000,820,850,Automotive Fuel,Night,Ms. Ada,Thursday
2025-02-21,Idimu,7473,15894,1099,15025,2096,32235950,750,650,2000,820,850,Cooking Gas,Night,Mr. Tunde,Friday
2025-02-22,Iwaya,8273,13766,603,11269,2181,27453080,750,650,2000,820,850,Cooking Gas,Night,Mr. Tunde,Saturday
2025-02-23,Maryland,7383,12798,1218,16956,1221,31233720,750,650,2000,820,850,Automotive Fuel,Afternoon,Ms. Ada,Sunday
2025-02-24,Idimu,10993,21594,1345,15383,1662,38997610,750,650,2000,820,850,Lubricant,Night,Ms. Ada,Monday
2025-02-25,Iwaya,10645,26584,616,17210,2437,42679000,750,650,2000,820,850,Cooking Gas,Morning,Mr. John,Tuesday
2025-02-26,Maryland,12257,20062,1163,9005,2580,34136150,750,650,2000,820,850,Cooking Gas,Night,Ms. Ada,Wednesday
2025-02-27,Idimu,7209,23192,1149,14536,2852,37123270,750,650,2000,820,850,Cooking Gas,Night,Mr. John,Thursday
2025-02-28,Iwaya,9753,16085,1036,9715,2350,29805800,750,650,2000,820,850,Automotive Fuel,Morning,Mrs. Chika,Friday
2025-03-01,Maryland,12897,14995,1017,15284,2819,36382530,750,650,2000,820,850,Lubricant,Morning,Ms. Ada,Saturday
2025-03-02,Idimu,8990,15636,1206,9707,2018,28992940,750,650,2000,820,850,Cooking Gas,Afternoon,Ms. Ada,Sunday
2025-03-03,Iwaya,5059,23663,1023,10508,1508,31119560,750,650,2000,820,850,Lubricant,Afternoon,Mr. Tunde,Monday
2025-03-04,Maryland,6906,23182,656,19332,2466,39508140,750,650,2000,820,850,Automotive Fuel,Morning,Ms. Ada,Tuesday
2025-03-05,Idimu,11005,11431,1222,17246,2838,34681920,750,650,2000,820,850,Automotive Fuel,Afternoon,Ms. Ada,Wednesday
2025-03-06,Iwaya,12341,18991,1045,9088,2270,33071560,750,650,2000,820,850,Cooking Gas,Afternoon,Ms. Ada,Thursday
2025-03-07,Maryland,8102,22263,860,16668,2904,38403610,750,650,2000,820,850,Cooking Gas,Morning,Ms. Ada,Friday
2025-03-08,Idimu,11846,26040,1393,10934,1488,38827180,750,650,2000,820,850,Lubricant,Afternoon,Ms. Ada,Saturday
2025-03-09,Iwaya,8750,17202,1352,11405,2236,31700500,750,650,2000,820,850,Cooking Gas,Night,Mr. Tunde,Sunday
2025-03-10,Maryland,14977,18687,1465,12624,1288,37755780,750,650,2000,820,850,Cooking Gas,Morning,Mrs. Chika,Monday
2025-03-11,Idimu,8388,16795,846,8180,2776,27966950,750,650,2000,820,850,Lubricant,Night,Ms. Ada,Tuesday
2025-03-12,Iwaya,6568,29765,1015,15420,1705,40396900,750,650,2000,820,850,Lubricant,Night,Ms. Ada,Wednesday
2025-03-13,Maryland,12055,15492,1009,18348,2663,38437960,750,650,2000,820,850,Automotive Fuel,Morning,Ms. Ada,Thursday
2025-03-14,Idimu,12596,29145,1273,10561,2749,41933920,750,650,2000,820,850,Cooking Gas,Afternoon,Ms. Ada,Friday
2025-03-15,Iwaya,12206,26804,1056,11478,1914,39727960,750,650,2000,820,850,Lubricant,Afternoon,Mr. Tunde,Saturday
2025-03-16,Maryland,13147,16915,1382,8526,1727,32078270,750,650,2000,820,850,Automotive Fuel,Morning,Mr. Tunde,Sunday
2025-03-17,Idimu,13476,17709,961,15776,1946,38130270,750,650,2000,820,850,Automotive Fuel,Night,Mr. John,Monday
2025-03-18,Iwaya,12606,16522,565,13500,2653,34648850,750,650,2000,820,850,Lubricant,Morning,Mrs. Chika,Tuesday
2025-03-19,Maryland,9021,11595,1143,8540,1505,24870550,750,650,2000,820,850,Lubricant,Night,Mr. Tunde,Wednesday
2025-03-20,Idimu,11133,29949,1483,13454,1414,43016780,750,650,2000,820,850,Cooking Gas,Afternoon,Mrs. Chika,Thursday
2025-03-21,Iwaya,7758,28148,1498,9233,1399,35870910,750,650,2000,820,850,Cooking Gas,Night,Ms. Ada,Friday
2025-03-22,Maryland,12817,28243,683,10603,2316,39999760,750,650,2000,820,850,Automotive Fuel,Morning,Mr. John,Saturday
2025-03-23,Idimu,9131,20808,960,15042,2905,37097140,750,650,2000,820,850,Automotive Fuel,Night,Mr. Tunde,Sunday
2025-03-24,Iwaya,9095,14240,723,14319,2413,31315880,750,650,2000,820,850,Cooking Gas,Night,Mr. John,Monday
2025-03-25,Maryland,8003,13237,574,11598,1016,26128260,750,650,2000,820,850,Lubricant,Morning,Mr. John,Tuesday
2025-03-26,Idimu,8732,10048,785,10911,2249,25508870,750,650,2000,820,850,Lubricant,Afternoon,Ms. Ada,Wednesday
2025-03-27,Iwaya,12689,15456,1159,18004,2449,38726080,750,650,2000,820,850,Lubricant,Night,Mr. Tunde,Thursday
2025-03-28,Maryland,13767,28986,568,15394,2657,45183680,750,650,2000,820,850,Automotive Fuel,Afternoon,Mr. John,Friday
2025-03-29,Idimu,6388,16640,572,11701,2444,28423220,750,650,2000,820,850,Automotive Fuel,Afternoon,Mr. John,Saturday
2025-03-30,Iwaya,14426,25636,663,14756,1577,42249270,750,650,2000,820,850,Cooking Gas,Morning,Mrs. Chika,Sunday
2025-03-31,Maryland,14647,11983,746,13415,1104,32204900,750,650,2000,820,850,Cooking Gas,Night,Mr. Tunde,Monday
2025-01-01,Idimu,7331,12945,1348,18400,1928,33335300,750,650,2000,820,850,Automotive Fuel,Afternoon,Ms. Ada,Wednesday
2025-01-02,Iwaya,12924,11273,753,16233,1595,33193260,750,650,2000,820,850,Lubricant,Morning,Mr. John,Thursday
2025-01-03,Maryland,9498,10193,1088,12913,2579,28705760,750,650,2000,820,850,Automotive Fuel,Afternoon,Mr. Tunde,Friday
2025-01-04,Idimu,14276,24858,710,14940,1037,41416950,750,650,2000,820,850,Automotive Fuel,Morning,Mr. Tunde,Saturday
2025-01-05,Iwaya,6965,28880,904,11850,2301,37476600,750,650,2000,820,850,Cooking Gas,Morning,Mr. John,Sunday
2025-01-06,Maryland,13990,10899,1374,8075,1616,28319950,750,650,2000,820,850,Automotive Fuel,Night,Mr. John,Monday
2025-01-07,Idimu,12823,16987,761,18269,1620,38538380,750,650,2000,820,850,Automotive Fuel,Night,Mr. John,Tuesday
2025-01-08,Iwaya,14832,13626,1292,18103,1537,38715810,750,650,2000,820,850,Automotive Fuel,Morning,Mr. Tunde,Wednesday
2025-01-09,Maryland,12139,17445,1116,8042,1343,30411490,750,650,2000,820,850,Automotive Fuel,Morning,Mr. John,Thursday
2025-01-10,Idimu,9186,21061,694,18008,2089,38509360,750,650,2000,820,850,Automotive Fuel,Afternoon,Mr. John,Friday
2025-01-11,Iwaya,10195,16404,1408,10962,2239,32016840,750,650,2000,820,850,Automotive Fuel,Afternoon,Ms. Ada,Saturday
2025-01-12,Maryland,5624,13663,993,10418,2723,25942260,750,650,2000,820,850,Lubricant,Afternoon,Mr. Tunde,Sunday
2025-01-13,Idimu,7023,25693,1464,15063,1249,38309010,750,650,2000,820,850,Lubricant,Morning,Mr. Tunde,Monday
2025-01-14,Iwaya,12520,29676,1026,18591,2209,47853670,750,650,2000,820,850,Lubricant,Night,Mr. Tunde,Tuesday
2025-01-15,Maryland,14484,13325,1177,8181,2215,30469420,750,650,2000,820,850,Lubricant,Night,Mr. Tunde,Wednesday
2025-01-16,Idimu,7031,13066,1191,14085,2474,29800750,750,650,2000,820,850,Cooking Gas,Morning,Ms. Ada,Thursday
2025-01-17,Iwaya,10547,13451,1221,13160,2182,31741300,750,650,2000,820,850,Automotive Fuel,Morning,Mrs. Chika,Friday
2025-01-18,Maryland,5287,17914,924,10191,2396,27850570,750,650,2000,820,850,Lubricant,Morning,Mrs. Chika,Saturday
2025-01-19,Idimu,10335,11968,592,12217,2914,29209290,750,650,2000,820,850,Automotive Fuel,Afternoon,Mr. Tunde,Sunday
2025-01-20,Iwaya,13589,29111,744,18581,1029,46712970,750,650,2000,820,850,Lubricant,Afternoon,Mrs. Chika,Monday
2025-01-21,Maryland,8399,20257,1217,8000,1009,29317950,750,650,2000,820,850,Lubricant,Morning,Ms. Ada,Tuesday
2025-01-22,Idimu,12596,12021,707,10686,1388,28616970,750,650,2000,820,850,Lubricant,Night,Mr. Tunde,Wednesday
2025-01-23,Iwaya,6470,12639,1165,19086,1745,32531620,750,650,2000,820,850,Automotive Fuel,Night,Mr. Tunde,Thursday
2025-01-24,Maryland,6821,27534,1244,13117,1540,37565790,750,650,2000,820,850,Lubricant,Morning,Mr. Tunde,Friday
2025-01-25,Idimu,14699,28414,950,15562,2425,46215440,750,650,2000,820,850,Cooking Gas,Afternoon,Mrs. Chika,Saturday
2025-01-26,Iwaya,13977,10709,716,13350,1766,31323700,750,650,2000,820,850,Lubricant,Morning,Mr. John,Sunday
2025-01-27,Maryland,11783,23822,966,8637,2715,35643640,750,650,2000,820,850,Automotive Fuel,Night,Mr. John,Monday
2025-01-28,Idimu,14066,27691,1250,18458,1204,47207610,750,650,2000,820,850,Cooking Gas,Afternoon,Mr. John,Tuesday
2025-01-29,Iwaya,10844,11631,559,8474,2687,26043780,750,650,2000,820,850,Automotive Fuel,Morning,Mrs. Chika,Wednesday
2025-01-30,Maryland,9182,13758,707,19920,1328,34706400,750,650,2000,820,850,Automotive Fuel,Night,Ms. Ada,Thursday
2025-01-31,Idimu,9010,27944,609,19588,1282,43290960,750,650,2000,820,850,Cooking Gas,Morning,Mrs. Chika,Friday
2025-02-01,Iwaya,8019,13972,567,18114,1128,32042330,750,650,2000,820,850,Lubricant,Morning,Ms. Ada,Saturday
2025-02-02,Maryland,9618,15971,866,8553,2883,28790660,750,650,2000,820,850,Cooking Gas,Morning,Ms. Ada,Sunday
2025-02-03,Idimu,8171,27436,888,9976,2848,36338770,750,650,2000,820,850,Lubricant,Night,Mrs. Chika,Monday
2025-02-04,Iwaya,14047,12000,794,10013,2030,29859410,750,650,2000,820,850,Lubricant,Morning,Mrs. Chika,Tuesday
2025-02-05,Maryland,8087,16302,1295,12475,2197,31348500,750,650,2000,820,850,Cooking Gas,Night,Mr. John,Wednesday
2025-02-06,Idimu,10358,20549,1151,12127,1833,34929540,750,650,2000,820,850,Automotive Fuel,Afternoon,Mr. Tunde,Thursday
2025-02-07,Iwaya,11860,14726,1123,10832,1610,30963640,750,650,2000,820,850,Cooking Gas,Afternoon,Mr. John,Friday
2025-02-08,Maryland,10626,10528,1154,15033,1517,30737210,750,650,2000,820,850,Lubricant,Morning,Mr. John,Saturday
2025-02-09,Idimu,5114,27809,1083,13390,2959,37572300,750,650,2000,820,850,Lubricant,Night,Ms. Ada,Sunday
2025-02-10,Iwaya,11841,17014,671,14914,1843,35077880,750,650,2000,820,850,Automotive Fuel,Afternoon,Ms. Ada,Monday
2025-02-11,Maryland,13785,27326,1389,17560,1809,46815500,750,650,2000,820,850,Automotive Fuel,Night,Mr. John,Tuesday
2025-02-12,Idimu,11426,28491,1006,11582,2694,40887790,750,650,2000,820,850,Lubricant,Afternoon,Mr. Tunde,Wednesday
2025-02-13,Iwaya,9383,25950,1222,18410,1374,42612850,750,650,2000,820,850,Lubricant,Afternoon,Mr. Tunde,Thursday
2025-02-14,Maryland,6012,14564,956,8507,2433,24931390,750,650,2000,820,850,Cooking Gas,Morning,Mrs. Chika,Friday
2025-02-15,Idimu,5845,15469,595,8390,2751,24846750,750,650,2000,820,850,Lubricant,Morning,Mr. Tunde,Saturday
2025-02-16,Iwaya,6578,17105,1170,18183,2642,35547510,750,650,2000,820,850,Automotive Fuel,Morning,Ms. Ada,Sunday
2025-02-17,Maryland,5797,16975,909,19810,1316,34562300,750,650,2000,820,850,Lubricant,Morning,Mr. Tunde,Monday
2025-02-18,Idimu,8426,12824,598,15446,1234,29565720,750,650,2000,820,850,Lubricant,Night,Mr. Tunde,Tuesday
2025-02-19,Iwaya,6467,27636,1119,11349,2605,36572080,750,650,2000,820,850,Lubricant,Night,Ms. Ada,Wednesday
